overview	https://code.claude.com/docs/en/overview.md
quickstart	https://code.claude.com/docs/en/quickstart.md
changelog	https://code.claude.com/docs/en/changelog.md
how-claude-code-works	https://code.claude.com/docs/en/how-claude-code-works.md
features-overview	https://code.claude.com/docs/en/features-overview.md
claude-directory	https://code.claude.com/docs/en/claude-directory.md
context-window	https://code.claude.com/docs/en/context-window.md
memory	https://code.claude.com/docs/en/memory.md
permissions	https://code.claude.com/docs/en/permissions.md
permission-modes	https://code.claude.com/docs/en/permission-modes.md
common-workflows	https://code.claude.com/docs/en/common-workflows.md
best-practices	https://code.claude.com/docs/en/best-practices.md
authentication	https://code.claude.com/docs/en/authentication.md
